DATA FILE;C:\Program Files\CRA\data\Akce HuSk_ No.4._ 2019.cor
START TIME;DATA_TAG_VAR5_TIMEFORMAT EN
END TIME;DATA_TAG_VAR5_TIMEFORMAT EN;(984 hours)
PLOT TYPE;TEMPORAL;(One data point per 2 hours - time stamp is in the middle of the 2-hour interval)
AVERAGING POINTS;3
TIMESTAMP (column A) is in units of:;ABSOLUTE TIME;(YYYY-MM-DD hh:mm)
TIME (column B) is in units of:;HOURS;(Since the 'Start time')
RADON CONCENTRATION (column C) is in units of:; Bq/m3
WEIGHTING (column D) is in units of:;HOURS;(amount of hours of data for the corresponding radon conc. value in column C)
;
TIMESTAMP;TIME;RADON CONCENTRATION;WEIGHTING
DATA_TAG_VAR5_TIMEFORMAT EN;0,0;3530;6,00
DATA_TAG_VAR5_TIMEFORMAT EN;2,0;3704;6,00
DATA_TAG_VAR5_TIMEFORMAT EN;4,0;3588;6,00
DATA_TAG_VAR5_TIMEFORMAT EN;6,0;3167;6,00
DATA_TAG_VAR5_TIMEFORMAT EN;8,0;2690;6,00
DATA_TAG_VAR5_TIMEFORMAT EN;10,0;2189;6,00
DATA_TAG_VAR5_TIMEFORMAT EN;12,0;1756;6,00
DATA_TAG_VAR5_TIMEFORMAT EN;14,0;1342;6,00
DATA_TAG_VAR5_TIMEFORMAT EN;16,0;1286;6,00
DATA_TAG_VAR5_TIMEFORMAT EN;18,0;695;6,00
DATA_TAG_VAR5_TIMEFORMAT EN;20,0;559;6,00
DATA_TAG_VAR5_TIMEFORMAT EN;22,0;357;6,00
DATA_TAG_VAR5_TIMEFORMAT EN;24,0;542;6,00
DATA_TAG_VAR5_TIMEFORMAT EN;26,0;619;6,00
DATA_TAG_VAR5_TIMEFORMAT EN;28,0;482;6,00
DATA_TAG_VAR5_TIMEFORMAT EN;30,0;560;6,00
DATA_TAG_VAR5_TIMEFORMAT EN;32,0;414;6,00
DATA_TAG_VAR5_TIMEFORMAT EN;34,0;677;6,00
DATA_TAG_VAR5_TIMEFORMAT EN;36,0;484;6,00
DATA_TAG_VAR5_TIMEFORMAT EN;38,0;641;6,00
DATA_TAG_VAR5_TIMEFORMAT EN;40,0;679;6,00
DATA_TAG_VAR5_TIMEFORMAT EN;42,0;758;6,00
DATA_TAG_VAR5_TIMEFORMAT EN;44,0;907;6,00
DATA_TAG_VAR5_TIMEFORMAT EN;46,0;672;6,00
DATA_TAG_VAR5_TIMEFORMAT EN;48,0;948;6,00
DATA_TAG_VAR5_TIMEFORMAT EN;50,0;592;6,00
DATA_TAG_VAR5_TIMEFORMAT EN;52,0;632;6,00
DATA_TAG_VAR5_TIMEFORMAT EN;54,0;160;6,00
DATA_TAG_VAR5_TIMEFORMAT EN;56,0;141;6,00
DATA_TAG_VAR5_TIMEFORMAT EN;58,0;178;6,00
DATA_TAG_VAR5_TIMEFORMAT EN;60,0;184;6,00
DATA_TAG_VAR5_TIMEFORMAT EN;62,0;372;6,00
DATA_TAG_VAR5_TIMEFORMAT EN;64,0;227;6,00
DATA_TAG_VAR5_TIMEFORMAT EN;66,0;462;6,00
DATA_TAG_VAR5_TIMEFORMAT EN;68,0;230;6,00
DATA_TAG_VAR5_TIMEFORMAT EN;70,0;467;6,00
DATA_TAG_VAR5_TIMEFORMAT EN;72,0;344;6,00
DATA_TAG_VAR5_TIMEFORMAT EN;74,0;460;6,00
DATA_TAG_VAR5_TIMEFORMAT EN;76,0;410;6,00
DATA_TAG_VAR5_TIMEFORMAT EN;78,0;398;6,00
DATA_TAG_VAR5_TIMEFORMAT EN;80,0;477;6,00
DATA_TAG_VAR5_TIMEFORMAT EN;82,0;665;6,00
DATA_TAG_VAR5_TIMEFORMAT EN;84,0;727;6,00
DATA_TAG_VAR5_TIMEFORMAT EN;86,0;774;6,00
DATA_TAG_VAR5_TIMEFORMAT EN;88,0;488;6,00
DATA_TAG_VAR5_TIMEFORMAT EN;90,0;517;6,00
DATA_TAG_VAR5_TIMEFORMAT EN;92,0;573;6,00
DATA_TAG_VAR5_TIMEFORMAT EN;94,0;532;6,00
DATA_TAG_VAR5_TIMEFORMAT EN;96,0;551;6,00
DATA_TAG_VAR5_TIMEFORMAT EN;98,0;476;6,00
DATA_TAG_VAR5_TIMEFORMAT EN;100,0;507;6,00
DATA_TAG_VAR5_TIMEFORMAT EN;102,0;656;6,00
DATA_TAG_VAR5_TIMEFORMAT EN;104,0;646;6,00
DATA_TAG_VAR5_TIMEFORMAT EN;106,0;713;6,00
DATA_TAG_VAR5_TIMEFORMAT EN;108,0;781;6,00
DATA_TAG_VAR5_TIMEFORMAT EN;110,0;623;6,00
DATA_TAG_VAR5_TIMEFORMAT EN;112,0;883;6,00
DATA_TAG_VAR5_TIMEFORMAT EN;114,0;584;6,00
DATA_TAG_VAR5_TIMEFORMAT EN;116,0;818;6,00
DATA_TAG_VAR5_TIMEFORMAT EN;118,0;486;6,00
DATA_TAG_VAR5_TIMEFORMAT EN;120,0;600;6,00
DATA_TAG_VAR5_TIMEFORMAT EN;122,0;484;6,00
DATA_TAG_VAR5_TIMEFORMAT EN;124,0;645;6,00
DATA_TAG_VAR5_TIMEFORMAT EN;126,0;567;6,00
DATA_TAG_VAR5_TIMEFORMAT EN;128,0;521;6,00
DATA_TAG_VAR5_TIMEFORMAT EN;130,0;354;6,00
DATA_TAG_VAR5_TIMEFORMAT EN;132,0;403;6,00
DATA_TAG_VAR5_TIMEFORMAT EN;134,0;243;6,00
DATA_TAG_VAR5_TIMEFORMAT EN;136,0;301;6,00
DATA_TAG_VAR5_TIMEFORMAT EN;138,0;70;6,00
DATA_TAG_VAR5_TIMEFORMAT EN;140,0;151;6,00
DATA_TAG_VAR5_TIMEFORMAT EN;142,0;77;6,00
DATA_TAG_VAR5_TIMEFORMAT EN;144,0;105;6,00
DATA_TAG_VAR5_TIMEFORMAT EN;146,0;91;6,00
DATA_TAG_VAR5_TIMEFORMAT EN;148,0;19;6,00
DATA_TAG_VAR5_TIMEFORMAT EN;150,0;62;6,00
DATA_TAG_VAR5_TIMEFORMAT EN;152,0;136;6,00
DATA_TAG_VAR5_TIMEFORMAT EN;154,0;158;6,00
DATA_TAG_VAR5_TIMEFORMAT EN;156,0;163;6,00
DATA_TAG_VAR5_TIMEFORMAT EN;158,0;127;6,00
DATA_TAG_VAR5_TIMEFORMAT EN;160,0;149;6,00
DATA_TAG_VAR5_TIMEFORMAT EN;162,0;180;6,00
DATA_TAG_VAR5_TIMEFORMAT EN;164,0;129;6,00
DATA_TAG_VAR5_TIMEFORMAT EN;166,0;185;6,00
DATA_TAG_VAR5_TIMEFORMAT EN;168,0;110;6,00
DATA_TAG_VAR5_TIMEFORMAT EN;170,0;329;6,00
DATA_TAG_VAR5_TIMEFORMAT EN;172,0;244;6,00
DATA_TAG_VAR5_TIMEFORMAT EN;174,0;491;6,00
DATA_TAG_VAR5_TIMEFORMAT EN;176,0;405;6,00
DATA_TAG_VAR5_TIMEFORMAT EN;178,0;478;6,00
DATA_TAG_VAR5_TIMEFORMAT EN;180,0;275;6,00
DATA_TAG_VAR5_TIMEFORMAT EN;182,0;131;6,00
DATA_TAG_VAR5_TIMEFORMAT EN;184,0;208;6,00
DATA_TAG_VAR5_TIMEFORMAT EN;186,0;225;6,00
DATA_TAG_VAR5_TIMEFORMAT EN;188,0;229;6,00
DATA_TAG_VAR5_TIMEFORMAT EN;190,0;189;6,00
DATA_TAG_VAR5_TIMEFORMAT EN;192,0;166;6,00
DATA_TAG_VAR5_TIMEFORMAT EN;194,0;252;6,00
DATA_TAG_VAR5_TIMEFORMAT EN;196,0;326;6,00
DATA_TAG_VAR5_TIMEFORMAT EN;198,0;394;6,00
DATA_TAG_VAR5_TIMEFORMAT EN;200,0;533;6,00
DATA_TAG_VAR5_TIMEFORMAT EN;202,0;735;6,00
DATA_TAG_VAR5_TIMEFORMAT EN;204,0;794;6,00
DATA_TAG_VAR5_TIMEFORMAT EN;206,0;909;6,00
DATA_TAG_VAR5_TIMEFORMAT EN;208,0;668;6,00
DATA_TAG_VAR5_TIMEFORMAT EN;210,0;613;6,00
DATA_TAG_VAR5_TIMEFORMAT EN;212,0;555;6,00
DATA_TAG_VAR5_TIMEFORMAT EN;214,0;597;6,00
DATA_TAG_VAR5_TIMEFORMAT EN;216,0;577;6,00
DATA_TAG_VAR5_TIMEFORMAT EN;218,0;362;6,00
DATA_TAG_VAR5_TIMEFORMAT EN;220,0;165;6,00
DATA_TAG_VAR5_TIMEFORMAT EN;222,0;52;6,00
DATA_TAG_VAR5_TIMEFORMAT EN;224,0;27;6,00
DATA_TAG_VAR5_TIMEFORMAT EN;226,0;79;6,00
DATA_TAG_VAR5_TIMEFORMAT EN;228,0;135;6,00
DATA_TAG_VAR5_TIMEFORMAT EN;230,0;193;6,00
DATA_TAG_VAR5_TIMEFORMAT EN;232,0;378;6,00
DATA_TAG_VAR5_TIMEFORMAT EN;234,0;452;6,00
DATA_TAG_VAR5_TIMEFORMAT EN;236,0;484;6,00
DATA_TAG_VAR5_TIMEFORMAT EN;238,0;301;6,00
DATA_TAG_VAR5_TIMEFORMAT EN;240,0;174;6,00
DATA_TAG_VAR5_TIMEFORMAT EN;242,0;36;6,00
DATA_TAG_VAR5_TIMEFORMAT EN;244,0;39;6,00
DATA_TAG_VAR5_TIMEFORMAT EN;246,0;164;6,00
DATA_TAG_VAR5_TIMEFORMAT EN;248,0;343;6,00
DATA_TAG_VAR5_TIMEFORMAT EN;250,0;458;6,00
DATA_TAG_VAR5_TIMEFORMAT EN;252,0;622;6,00
DATA_TAG_VAR5_TIMEFORMAT EN;254,0;614;6,00
DATA_TAG_VAR5_TIMEFORMAT EN;256,0;635;6,00
DATA_TAG_VAR5_TIMEFORMAT EN;258,0;492;6,00
DATA_TAG_VAR5_TIMEFORMAT EN;260,0;537;6,00
DATA_TAG_VAR5_TIMEFORMAT EN;262,0;532;6,00
DATA_TAG_VAR5_TIMEFORMAT EN;264,0;755;6,00
DATA_TAG_VAR5_TIMEFORMAT EN;266,0;664;6,00
DATA_TAG_VAR5_TIMEFORMAT EN;268,0;750;6,00
DATA_TAG_VAR5_TIMEFORMAT EN;270,0;623;6,00
DATA_TAG_VAR5_TIMEFORMAT EN;272,0;775;6,00
DATA_TAG_VAR5_TIMEFORMAT EN;274,0;701;6,00
DATA_TAG_VAR5_TIMEFORMAT EN;276,0;674;6,00
DATA_TAG_VAR5_TIMEFORMAT EN;278,0;796;6,00
DATA_TAG_VAR5_TIMEFORMAT EN;280,0;805;6,00
DATA_TAG_VAR5_TIMEFORMAT EN;282,0;859;6,00
DATA_TAG_VAR5_TIMEFORMAT EN;284,0;749;6,00
DATA_TAG_VAR5_TIMEFORMAT EN;286,0;596;6,00
DATA_TAG_VAR5_TIMEFORMAT EN;288,0;562;6,00
DATA_TAG_VAR5_TIMEFORMAT EN;290,0;491;6,00
DATA_TAG_VAR5_TIMEFORMAT EN;292,0;723;6,00
DATA_TAG_VAR5_TIMEFORMAT EN;294,0;660;6,00
DATA_TAG_VAR5_TIMEFORMAT EN;296,0;655;6,00
DATA_TAG_VAR5_TIMEFORMAT EN;298,0;703;6,00
DATA_TAG_VAR5_TIMEFORMAT EN;300,0;677;6,00
DATA_TAG_VAR5_TIMEFORMAT EN;302,0;960;6,00
DATA_TAG_VAR5_TIMEFORMAT EN;304,0;873;6,00
DATA_TAG_VAR5_TIMEFORMAT EN;306,0;1103;6,00
DATA_TAG_VAR5_TIMEFORMAT EN;308,0;764;6,00
DATA_TAG_VAR5_TIMEFORMAT EN;310,0;435;6,00
DATA_TAG_VAR5_TIMEFORMAT EN;312,0;122;6,00
DATA_TAG_VAR5_TIMEFORMAT EN;314,0;123;6,00
DATA_TAG_VAR5_TIMEFORMAT EN;316,0;294;6,00
DATA_TAG_VAR5_TIMEFORMAT EN;318,0;332;6,00
DATA_TAG_VAR5_TIMEFORMAT EN;320,0;209;6,00
DATA_TAG_VAR5_TIMEFORMAT EN;322,0;154;6,00
DATA_TAG_VAR5_TIMEFORMAT EN;324,0;124;6,00
DATA_TAG_VAR5_TIMEFORMAT EN;326,0;124;6,00
DATA_TAG_VAR5_TIMEFORMAT EN;328,0;80;6,00
DATA_TAG_VAR5_TIMEFORMAT EN;330,0;33;6,00
DATA_TAG_VAR5_TIMEFORMAT EN;332,0;0;6,00
DATA_TAG_VAR5_TIMEFORMAT EN;334,0;16;6,00
DATA_TAG_VAR5_TIMEFORMAT EN;336,0;47;6,00
DATA_TAG_VAR5_TIMEFORMAT EN;338,0;74;6,00
DATA_TAG_VAR5_TIMEFORMAT EN;340,0;83;6,00
DATA_TAG_VAR5_TIMEFORMAT EN;342,0;43;6,00
DATA_TAG_VAR5_TIMEFORMAT EN;344,0;125;6,00
DATA_TAG_VAR5_TIMEFORMAT EN;346,0;191;6,00
DATA_TAG_VAR5_TIMEFORMAT EN;348,0;187;6,00
DATA_TAG_VAR5_TIMEFORMAT EN;350,0;133;6,00
DATA_TAG_VAR5_TIMEFORMAT EN;352,0;43;6,00
DATA_TAG_VAR5_TIMEFORMAT EN;354,0;24;6,00
DATA_TAG_VAR5_TIMEFORMAT EN;356,0;47;6,00
DATA_TAG_VAR5_TIMEFORMAT EN;358,0;89;6,00
DATA_TAG_VAR5_TIMEFORMAT EN;360,0;165;6,00
DATA_TAG_VAR5_TIMEFORMAT EN;362,0;116;6,00
DATA_TAG_VAR5_TIMEFORMAT EN;364,0;91;6,00
DATA_TAG_VAR5_TIMEFORMAT EN;366,0;30;6,00
DATA_TAG_VAR5_TIMEFORMAT EN;368,0;86;6,00
DATA_TAG_VAR5_TIMEFORMAT EN;370,0;84;6,00
DATA_TAG_VAR5_TIMEFORMAT EN;372,0;85;6,00
DATA_TAG_VAR5_TIMEFORMAT EN;374,0;59;6,00
DATA_TAG_VAR5_TIMEFORMAT EN;376,0;40;6,00
DATA_TAG_VAR5_TIMEFORMAT EN;378,0;132;6,00
DATA_TAG_VAR5_TIMEFORMAT EN;380,0;117;6,00
DATA_TAG_VAR5_TIMEFORMAT EN;382,0;220;6,00
DATA_TAG_VAR5_TIMEFORMAT EN;384,0;133;6,00
DATA_TAG_VAR5_TIMEFORMAT EN;386,0;178;6,00
DATA_TAG_VAR5_TIMEFORMAT EN;388,0;124;6,00
DATA_TAG_VAR5_TIMEFORMAT EN;390,0;163;6,00
DATA_TAG_VAR5_TIMEFORMAT EN;392,0;114;6,00
DATA_TAG_VAR5_TIMEFORMAT EN;394,0;193;6,00
DATA_TAG_VAR5_TIMEFORMAT EN;396,0;192;6,00
DATA_TAG_VAR5_TIMEFORMAT EN;398,0;176;6,00
DATA_TAG_VAR5_TIMEFORMAT EN;400,0;111;6,00
DATA_TAG_VAR5_TIMEFORMAT EN;402,0;84;6,00
DATA_TAG_VAR5_TIMEFORMAT EN;404,0;188;6,00
DATA_TAG_VAR5_TIMEFORMAT EN;406,0;127;6,00
DATA_TAG_VAR5_TIMEFORMAT EN;408,0;212;6,00
DATA_TAG_VAR5_TIMEFORMAT EN;410,0;178;6,00
DATA_TAG_VAR5_TIMEFORMAT EN;412,0;266;6,00
DATA_TAG_VAR5_TIMEFORMAT EN;414,0;184;6,00
DATA_TAG_VAR5_TIMEFORMAT EN;416,0;160;6,00
DATA_TAG_VAR5_TIMEFORMAT EN;418,0;160;6,00
DATA_TAG_VAR5_TIMEFORMAT EN;420,0;169;6,00
DATA_TAG_VAR5_TIMEFORMAT EN;422,0;155;6,00
DATA_TAG_VAR5_TIMEFORMAT EN;424,0;63;6,00
DATA_TAG_VAR5_TIMEFORMAT EN;426,0;49;6,00
DATA_TAG_VAR5_TIMEFORMAT EN;428,0;0;6,00
DATA_TAG_VAR5_TIMEFORMAT EN;430,0;18;6,00
DATA_TAG_VAR5_TIMEFORMAT EN;432,0;186;6,00
DATA_TAG_VAR5_TIMEFORMAT EN;434,0;200;6,00
DATA_TAG_VAR5_TIMEFORMAT EN;436,0;198;6,00
DATA_TAG_VAR5_TIMEFORMAT EN;438,0;149;6,00
DATA_TAG_VAR5_TIMEFORMAT EN;440,0;142;6,00
DATA_TAG_VAR5_TIMEFORMAT EN;442,0;237;6,00
DATA_TAG_VAR5_TIMEFORMAT EN;444,0;98;6,00
DATA_TAG_VAR5_TIMEFORMAT EN;446,0;118;6,00
DATA_TAG_VAR5_TIMEFORMAT EN;448,0;26;6,00
DATA_TAG_VAR5_TIMEFORMAT EN;450,0;69;6,00
DATA_TAG_VAR5_TIMEFORMAT EN;452,0;87;6,00
DATA_TAG_VAR5_TIMEFORMAT EN;454,0;116;6,00
DATA_TAG_VAR5_TIMEFORMAT EN;456,0;159;6,00
DATA_TAG_VAR5_TIMEFORMAT EN;458,0;176;6,00
DATA_TAG_VAR5_TIMEFORMAT EN;460,0;193;6,00
DATA_TAG_VAR5_TIMEFORMAT EN;462,0;195;6,00
DATA_TAG_VAR5_TIMEFORMAT EN;464,0;133;6,00
DATA_TAG_VAR5_TIMEFORMAT EN;466,0;86;6,00
DATA_TAG_VAR5_TIMEFORMAT EN;468,0;56;6,00
DATA_TAG_VAR5_TIMEFORMAT EN;470,0;95;6,00
DATA_TAG_VAR5_TIMEFORMAT EN;472,0;115;6,00
DATA_TAG_VAR5_TIMEFORMAT EN;474,0;115;6,00
DATA_TAG_VAR5_TIMEFORMAT EN;476,0;107;6,00
DATA_TAG_VAR5_TIMEFORMAT EN;478,0;200;6,00
DATA_TAG_VAR5_TIMEFORMAT EN;480,0;151;6,00
DATA_TAG_VAR5_TIMEFORMAT EN;482,0;248;6,00
DATA_TAG_VAR5_TIMEFORMAT EN;484,0;189;6,00
DATA_TAG_VAR5_TIMEFORMAT EN;486,0;251;6,00
DATA_TAG_VAR5_TIMEFORMAT EN;488,0;252;6,00
DATA_TAG_VAR5_TIMEFORMAT EN;490,0;261;6,00
DATA_TAG_VAR5_TIMEFORMAT EN;492,0;205;6,00
DATA_TAG_VAR5_TIMEFORMAT EN;494,0;200;6,00
DATA_TAG_VAR5_TIMEFORMAT EN;496,0;116;6,00
DATA_TAG_VAR5_TIMEFORMAT EN;498,0;196;6,00
DATA_TAG_VAR5_TIMEFORMAT EN;500,0;118;6,00
DATA_TAG_VAR5_TIMEFORMAT EN;502,0;98;6,00
DATA_TAG_VAR5_TIMEFORMAT EN;504,0;145;6,00
DATA_TAG_VAR5_TIMEFORMAT EN;506,0;100;6,00
DATA_TAG_VAR5_TIMEFORMAT EN;508,0;200;6,00
DATA_TAG_VAR5_TIMEFORMAT EN;510,0;133;6,00
DATA_TAG_VAR5_TIMEFORMAT EN;512,0;178;6,00
DATA_TAG_VAR5_TIMEFORMAT EN;514,0;141;6,00
DATA_TAG_VAR5_TIMEFORMAT EN;516,0;94;6,00
DATA_TAG_VAR5_TIMEFORMAT EN;518,0;120;6,00
DATA_TAG_VAR5_TIMEFORMAT EN;520,0;124;6,00
DATA_TAG_VAR5_TIMEFORMAT EN;522,0;92;6,00
DATA_TAG_VAR5_TIMEFORMAT EN;524,0;163;6,00
DATA_TAG_VAR5_TIMEFORMAT EN;526,0;216;6,00
DATA_TAG_VAR5_TIMEFORMAT EN;528,0;251;6,00
DATA_TAG_VAR5_TIMEFORMAT EN;530,0;211;6,00
DATA_TAG_VAR5_TIMEFORMAT EN;532,0;186;6,00
DATA_TAG_VAR5_TIMEFORMAT EN;534,0;265;6,00
DATA_TAG_VAR5_TIMEFORMAT EN;536,0;246;6,00
DATA_TAG_VAR5_TIMEFORMAT EN;538,0;297;6,00
DATA_TAG_VAR5_TIMEFORMAT EN;540,0;175;6,00
DATA_TAG_VAR5_TIMEFORMAT EN;542,0;127;6,00
DATA_TAG_VAR5_TIMEFORMAT EN;544,0;22;6,00
DATA_TAG_VAR5_TIMEFORMAT EN;546,0;59;6,00
DATA_TAG_VAR5_TIMEFORMAT EN;548,0;91;6,00
DATA_TAG_VAR5_TIMEFORMAT EN;550,0;173;6,00
DATA_TAG_VAR5_TIMEFORMAT EN;552,0;212;6,00
DATA_TAG_VAR5_TIMEFORMAT EN;554,0;186;6,00
DATA_TAG_VAR5_TIMEFORMAT EN;556,0;164;6,00
DATA_TAG_VAR5_TIMEFORMAT EN;558,0;149;6,00
DATA_TAG_VAR5_TIMEFORMAT EN;560,0;192;6,00
DATA_TAG_VAR5_TIMEFORMAT EN;562,0;170;6,00
DATA_TAG_VAR5_TIMEFORMAT EN;564,0;270;6,00
DATA_TAG_VAR5_TIMEFORMAT EN;566,0;217;6,00
DATA_TAG_VAR5_TIMEFORMAT EN;568,0;204;6,00
DATA_TAG_VAR5_TIMEFORMAT EN;570,0;138;6,00
DATA_TAG_VAR5_TIMEFORMAT EN;572,0;118;6,00
DATA_TAG_VAR5_TIMEFORMAT EN;574,0;162;6,00
DATA_TAG_VAR5_TIMEFORMAT EN;576,0;76;6,00
DATA_TAG_VAR5_TIMEFORMAT EN;578,0;145;6,00
DATA_TAG_VAR5_TIMEFORMAT EN;580,0;113;6,00
DATA_TAG_VAR5_TIMEFORMAT EN;582,0;162;6,00
DATA_TAG_VAR5_TIMEFORMAT EN;584,0;156;6,00
DATA_TAG_VAR5_TIMEFORMAT EN;586,0;132;6,00
DATA_TAG_VAR5_TIMEFORMAT EN;588,0;90;6,00
DATA_TAG_VAR5_TIMEFORMAT EN;590,0;0;6,00
DATA_TAG_VAR5_TIMEFORMAT EN;592,0;0;6,00
DATA_TAG_VAR5_TIMEFORMAT EN;594,0;20;6,00
DATA_TAG_VAR5_TIMEFORMAT EN;596,0;30;6,00
DATA_TAG_VAR5_TIMEFORMAT EN;598,0;26;6,00
DATA_TAG_VAR5_TIMEFORMAT EN;600,0;33;6,00
DATA_TAG_VAR5_TIMEFORMAT EN;602,0;105;6,00
DATA_TAG_VAR5_TIMEFORMAT EN;604,0;235;6,00
DATA_TAG_VAR5_TIMEFORMAT EN;606,0;241;6,00
DATA_TAG_VAR5_TIMEFORMAT EN;608,0;175;6,00
DATA_TAG_VAR5_TIMEFORMAT EN;610,0;212;6,00
DATA_TAG_VAR5_TIMEFORMAT EN;612,0;196;6,00
DATA_TAG_VAR5_TIMEFORMAT EN;614,0;243;6,00
DATA_TAG_VAR5_TIMEFORMAT EN;616,0;74;6,00
DATA_TAG_VAR5_TIMEFORMAT EN;618,0;6;6,00
DATA_TAG_VAR5_TIMEFORMAT EN;620,0;14;6,00
DATA_TAG_VAR5_TIMEFORMAT EN;622,0;51;6,00
DATA_TAG_VAR5_TIMEFORMAT EN;624,0;113;6,00
DATA_TAG_VAR5_TIMEFORMAT EN;626,0;126;6,00
DATA_TAG_VAR5_TIMEFORMAT EN;628,0;201;6,00
DATA_TAG_VAR5_TIMEFORMAT EN;630,0;146;6,00
DATA_TAG_VAR5_TIMEFORMAT EN;632,0;89;6,00
DATA_TAG_VAR5_TIMEFORMAT EN;634,0;7;6,00
DATA_TAG_VAR5_TIMEFORMAT EN;636,0;0;6,00
DATA_TAG_VAR5_TIMEFORMAT EN;638,0;141;6,00
DATA_TAG_VAR5_TIMEFORMAT EN;640,0;144;6,00
DATA_TAG_VAR5_TIMEFORMAT EN;642,0;244;6,00
DATA_TAG_VAR5_TIMEFORMAT EN;644,0;182;6,00
DATA_TAG_VAR5_TIMEFORMAT EN;646,0;155;6,00
DATA_TAG_VAR5_TIMEFORMAT EN;648,0;137;6,00
DATA_TAG_VAR5_TIMEFORMAT EN;650,0;156;6,00
DATA_TAG_VAR5_TIMEFORMAT EN;652,0;147;6,00
DATA_TAG_VAR5_TIMEFORMAT EN;654,0;266;6,00
DATA_TAG_VAR5_TIMEFORMAT EN;656,0;253;6,00
DATA_TAG_VAR5_TIMEFORMAT EN;658,0;289;6,00
DATA_TAG_VAR5_TIMEFORMAT EN;660,0;181;6,00
DATA_TAG_VAR5_TIMEFORMAT EN;662,0;161;6,00
DATA_TAG_VAR5_TIMEFORMAT EN;664,0;126;6,00
DATA_TAG_VAR5_TIMEFORMAT EN;666,0;151;6,00
DATA_TAG_VAR5_TIMEFORMAT EN;668,0;71;6,00
DATA_TAG_VAR5_TIMEFORMAT EN;670,0;104;6,00
DATA_TAG_VAR5_TIMEFORMAT EN;672,0;0;6,00
DATA_TAG_VAR5_TIMEFORMAT EN;674,0;0;6,00
DATA_TAG_VAR5_TIMEFORMAT EN;676,0;0;6,00
DATA_TAG_VAR5_TIMEFORMAT EN;678,0;0;6,00
DATA_TAG_VAR5_TIMEFORMAT EN;680,0;0;6,00
DATA_TAG_VAR5_TIMEFORMAT EN;682,0;0;6,00
DATA_TAG_VAR5_TIMEFORMAT EN;684,0;0;6,00
DATA_TAG_VAR5_TIMEFORMAT EN;686,0;0;6,00
DATA_TAG_VAR5_TIMEFORMAT EN;688,0;0;6,00
DATA_TAG_VAR5_TIMEFORMAT EN;690,0;0;6,00
DATA_TAG_VAR5_TIMEFORMAT EN;692,0;0;6,00
DATA_TAG_VAR5_TIMEFORMAT EN;694,0;20;6,00
DATA_TAG_VAR5_TIMEFORMAT EN;696,0;92;6,00
DATA_TAG_VAR5_TIMEFORMAT EN;698,0;33;6,00
DATA_TAG_VAR5_TIMEFORMAT EN;700,0;0;6,00
DATA_TAG_VAR5_TIMEFORMAT EN;702,0;0;6,00
DATA_TAG_VAR5_TIMEFORMAT EN;704,0;0;6,00
DATA_TAG_VAR5_TIMEFORMAT EN;706,0;0;6,00
DATA_TAG_VAR5_TIMEFORMAT EN;708,0;0;6,00
DATA_TAG_VAR5_TIMEFORMAT EN;710,0;0;6,00
DATA_TAG_VAR5_TIMEFORMAT EN;712,0;0;6,00
DATA_TAG_VAR5_TIMEFORMAT EN;714,0;0;6,00
DATA_TAG_VAR5_TIMEFORMAT EN;716,0;0;6,00
DATA_TAG_VAR5_TIMEFORMAT EN;718,0;2;6,00
DATA_TAG_VAR5_TIMEFORMAT EN;720,0;0;6,00
DATA_TAG_VAR5_TIMEFORMAT EN;722,0;0;6,00
DATA_TAG_VAR5_TIMEFORMAT EN;724,0;0;6,00
DATA_TAG_VAR5_TIMEFORMAT EN;726,0;0;6,00
DATA_TAG_VAR5_TIMEFORMAT EN;728,0;0;6,00
DATA_TAG_VAR5_TIMEFORMAT EN;730,0;0;6,00
DATA_TAG_VAR5_TIMEFORMAT EN;732,0;0;6,00
DATA_TAG_VAR5_TIMEFORMAT EN;734,0;0;6,00
DATA_TAG_VAR5_TIMEFORMAT EN;736,0;0;6,00
DATA_TAG_VAR5_TIMEFORMAT EN;738,0;27;6,00
DATA_TAG_VAR5_TIMEFORMAT EN;740,0;31;6,00
DATA_TAG_VAR5_TIMEFORMAT EN;742,0;37;6,00
DATA_TAG_VAR5_TIMEFORMAT EN;744,0;0;6,00
DATA_TAG_VAR5_TIMEFORMAT EN;746,0;0;6,00
DATA_TAG_VAR5_TIMEFORMAT EN;748,0;0;6,00
DATA_TAG_VAR5_TIMEFORMAT EN;750,0;0;6,00
DATA_TAG_VAR5_TIMEFORMAT EN;752,0;0;6,00
DATA_TAG_VAR5_TIMEFORMAT EN;754,0;0;6,00
DATA_TAG_VAR5_TIMEFORMAT EN;756,0;0;6,00
DATA_TAG_VAR5_TIMEFORMAT EN;758,0;0;6,00
DATA_TAG_VAR5_TIMEFORMAT EN;760,0;14;6,00
DATA_TAG_VAR5_TIMEFORMAT EN;762,0;0;6,00
DATA_TAG_VAR5_TIMEFORMAT EN;764,0;1;6,00
DATA_TAG_VAR5_TIMEFORMAT EN;766,0;0;6,00
DATA_TAG_VAR5_TIMEFORMAT EN;768,0;0;6,00
DATA_TAG_VAR5_TIMEFORMAT EN;770,0;0;6,00
DATA_TAG_VAR5_TIMEFORMAT EN;772,0;0;6,00
DATA_TAG_VAR5_TIMEFORMAT EN;774,0;0;6,00
DATA_TAG_VAR5_TIMEFORMAT EN;776,0;0;6,00
DATA_TAG_VAR5_TIMEFORMAT EN;778,0;0;6,00
DATA_TAG_VAR5_TIMEFORMAT EN;780,0;0;6,00
DATA_TAG_VAR5_TIMEFORMAT EN;782,0;0;6,00
DATA_TAG_VAR5_TIMEFORMAT EN;784,0;0;6,00
DATA_TAG_VAR5_TIMEFORMAT EN;786,0;27;6,00
DATA_TAG_VAR5_TIMEFORMAT EN;788,0;17;6,00
DATA_TAG_VAR5_TIMEFORMAT EN;790,0;88;6,00
DATA_TAG_VAR5_TIMEFORMAT EN;792,0;63;6,00
DATA_TAG_VAR5_TIMEFORMAT EN;794,0;34;6,00
DATA_TAG_VAR5_TIMEFORMAT EN;796,0;0;6,00
DATA_TAG_VAR5_TIMEFORMAT EN;798,0;0;6,00
DATA_TAG_VAR5_TIMEFORMAT EN;800,0;0;6,00
DATA_TAG_VAR5_TIMEFORMAT EN;802,0;0;6,00
DATA_TAG_VAR5_TIMEFORMAT EN;804,0;0;6,00
DATA_TAG_VAR5_TIMEFORMAT EN;806,0;23;6,00
DATA_TAG_VAR5_TIMEFORMAT EN;808,0;40;6,00
DATA_TAG_VAR5_TIMEFORMAT EN;810,0;66;6,00
DATA_TAG_VAR5_TIMEFORMAT EN;812,0;27;6,00
DATA_TAG_VAR5_TIMEFORMAT EN;814,0;18;6,00
DATA_TAG_VAR5_TIMEFORMAT EN;816,0;0;6,00
DATA_TAG_VAR5_TIMEFORMAT EN;818,0;0;6,00
DATA_TAG_VAR5_TIMEFORMAT EN;820,0;0;6,00
DATA_TAG_VAR5_TIMEFORMAT EN;822,0;0;6,00
DATA_TAG_VAR5_TIMEFORMAT EN;824,0;0;6,00
DATA_TAG_VAR5_TIMEFORMAT EN;826,0;32;6,00
DATA_TAG_VAR5_TIMEFORMAT EN;828,0;10;6,00
DATA_TAG_VAR5_TIMEFORMAT EN;830,0;0;6,00
DATA_TAG_VAR5_TIMEFORMAT EN;832,0;0;6,00
DATA_TAG_VAR5_TIMEFORMAT EN;834,0;0;6,00
DATA_TAG_VAR5_TIMEFORMAT EN;836,0;0;6,00
DATA_TAG_VAR5_TIMEFORMAT EN;838,0;0;6,00
DATA_TAG_VAR5_TIMEFORMAT EN;840,0;0;6,00
DATA_TAG_VAR5_TIMEFORMAT EN;842,0;0;6,00
DATA_TAG_VAR5_TIMEFORMAT EN;844,0;0;6,00
DATA_TAG_VAR5_TIMEFORMAT EN;846,0;0;6,00
DATA_TAG_VAR5_TIMEFORMAT EN;848,0;0;6,00
DATA_TAG_VAR5_TIMEFORMAT EN;850,0;0;6,00
DATA_TAG_VAR5_TIMEFORMAT EN;852,0;42;6,00
DATA_TAG_VAR5_TIMEFORMAT EN;854,0;32;6,00
DATA_TAG_VAR5_TIMEFORMAT EN;856,0;46;6,00
DATA_TAG_VAR5_TIMEFORMAT EN;858,0;0;6,00
DATA_TAG_VAR5_TIMEFORMAT EN;860,0;0;6,00
DATA_TAG_VAR5_TIMEFORMAT EN;862,0;0;6,00
DATA_TAG_VAR5_TIMEFORMAT EN;864,0;0;6,00
DATA_TAG_VAR5_TIMEFORMAT EN;866,0;0;6,00
DATA_TAG_VAR5_TIMEFORMAT EN;868,0;0;6,00
DATA_TAG_VAR5_TIMEFORMAT EN;870,0;0;6,00
DATA_TAG_VAR5_TIMEFORMAT EN;872,0;0;6,00
DATA_TAG_VAR5_TIMEFORMAT EN;874,0;0;6,00
DATA_TAG_VAR5_TIMEFORMAT EN;876,0;0;6,00
DATA_TAG_VAR5_TIMEFORMAT EN;878,0;0;6,00
DATA_TAG_VAR5_TIMEFORMAT EN;880,0;0;6,00
DATA_TAG_VAR5_TIMEFORMAT EN;882,0;0;6,00
DATA_TAG_VAR5_TIMEFORMAT EN;884,0;0;6,00
DATA_TAG_VAR5_TIMEFORMAT EN;886,0;0;6,00
DATA_TAG_VAR5_TIMEFORMAT EN;888,0;0;6,00
DATA_TAG_VAR5_TIMEFORMAT EN;890,0;0;6,00
DATA_TAG_VAR5_TIMEFORMAT EN;892,0;0;6,00
DATA_TAG_VAR5_TIMEFORMAT EN;894,0;0;6,00
DATA_TAG_VAR5_TIMEFORMAT EN;896,0;0;6,00
DATA_TAG_VAR5_TIMEFORMAT EN;898,0;0;6,00
DATA_TAG_VAR5_TIMEFORMAT EN;900,0;0;6,00
DATA_TAG_VAR5_TIMEFORMAT EN;902,0;0;6,00
DATA_TAG_VAR5_TIMEFORMAT EN;904,0;0;6,00
DATA_TAG_VAR5_TIMEFORMAT EN;906,0;0;6,00
DATA_TAG_VAR5_TIMEFORMAT EN;908,0;0;6,00
DATA_TAG_VAR5_TIMEFORMAT EN;910,0;66;6,00
DATA_TAG_VAR5_TIMEFORMAT EN;912,0;20;6,00
DATA_TAG_VAR5_TIMEFORMAT EN;914,0;24;6,00
DATA_TAG_VAR5_TIMEFORMAT EN;916,0;0;6,00
DATA_TAG_VAR5_TIMEFORMAT EN;918,0;0;6,00
DATA_TAG_VAR5_TIMEFORMAT EN;920,0;0;6,00
DATA_TAG_VAR5_TIMEFORMAT EN;922,0;0;6,00
DATA_TAG_VAR5_TIMEFORMAT EN;924,0;6;6,00
DATA_TAG_VAR5_TIMEFORMAT EN;926,0;0;6,00
DATA_TAG_VAR5_TIMEFORMAT EN;928,0;0;6,00
DATA_TAG_VAR5_TIMEFORMAT EN;930,0;0;6,00
DATA_TAG_VAR5_TIMEFORMAT EN;932,0;0;6,00
DATA_TAG_VAR5_TIMEFORMAT EN;934,0;0;6,00
DATA_TAG_VAR5_TIMEFORMAT EN;936,0;0;6,00
DATA_TAG_VAR5_TIMEFORMAT EN;938,0;0;6,00
DATA_TAG_VAR5_TIMEFORMAT EN;940,0;0;6,00
DATA_TAG_VAR5_TIMEFORMAT EN;942,0;0;6,00
DATA_TAG_VAR5_TIMEFORMAT EN;944,0;0;6,00
DATA_TAG_VAR5_TIMEFORMAT EN;946,0;0;6,00
DATA_TAG_VAR5_TIMEFORMAT EN;948,0;0;6,00
DATA_TAG_VAR5_TIMEFORMAT EN;950,0;0;6,00
DATA_TAG_VAR5_TIMEFORMAT EN;952,0;0;6,00
DATA_TAG_VAR5_TIMEFORMAT EN;954,0;0;6,00
DATA_TAG_VAR5_TIMEFORMAT EN;956,0;0;6,00
DATA_TAG_VAR5_TIMEFORMAT EN;958,0;0;6,00
DATA_TAG_VAR5_TIMEFORMAT EN;960,0;0;6,00
DATA_TAG_VAR5_TIMEFORMAT EN;962,0;0;6,00
DATA_TAG_VAR5_TIMEFORMAT EN;964,0;0;6,00
DATA_TAG_VAR5_TIMEFORMAT EN;966,0;0;6,00
DATA_TAG_VAR5_TIMEFORMAT EN;968,0;0;6,00
DATA_TAG_VAR5_TIMEFORMAT EN;970,0;0;6,00
DATA_TAG_VAR5_TIMEFORMAT EN;972,0;0;6,00
DATA_TAG_VAR5_TIMEFORMAT EN;974,0;0;6,00
DATA_TAG_VAR5_TIMEFORMAT EN;976,0;0;6,00
DATA_TAG_VAR5_TIMEFORMAT EN;978,0;0;6,00
DATA_TAG_VAR5_TIMEFORMAT EN;980,0;0;6,00
DATA_TAG_VAR5_TIMEFORMAT EN;982,0;0;6,00
